ID,Nombre,Apellido,Fecha_Nacimiento
1,Seth,Hutchinson,8/4/1992
2,Leroy,Sloan,6/13/1977
3,Rigel,Harmon,3/11/1982
4,Yvette,Wolfe,9/29/1988
5,Halla,Snyder,7/16/1964
6,Micah,Guerra,9/21/1979
7,Zahir,Dale,8/4/1992
8,Macey,Callahan,12/17/1960
9,Sade,Conway,10/13/1964
10,Zachary,Massey,11/2/1975
11,Pandora,Whitaker,9/9/1974
12,Shad,Benton,11/19/1976
13,Deirdre,Pacheco,2/21/1996
14,Althea,Yang,2/3/1979
15,Zahir,Hunt,2/19/1992
16,Victoria,Vaughn,4/17/1964
17,Aimee,Riddle,12/1/1997
18,Porter,Howard,11/12/1974
19,Bruno,Fuentes,11/2/1986
20,Guinevere,Odom,8/29/1990
21,Lavinia,Mann,12/4/2000
22,Octavia,Stokes,11/4/2000
23,Hanna,Case,11/28/1976
24,Alexander,Munoz,3/18/1988
25,Nolan,Crosby,6/13/1966
26,Maia,Tanner,5/26/1998
27,Dominic,Dale,9/17/1965
28,Dean,Dodson,6/23/1961
29,Perry,Michael,4/8/1969
30,Nita,Kirk,7/3/2000
31,Maggy,Craig,11/28/1977
32,Aurora,Tran,11/22/1986
33,Stella,Burke,11/7/1960
34,Neville,Johns,2/28/1986
35,Emerson,Green,5/24/1999
36,Emery,Guerrero,8/30/2000
37,Nina,Hickman,1/11/1970
38,Hammett,Nichols,2/11/1964
39,Veronica,Mathis,12/1/1997
40,Timothy,Richards,9/9/1969
41,Isadora,Brown,10/9/1990
42,Vincent,Merritt,12/2/1970
43,Desirae,Dawson,6/29/1966
44,Kim,Mclaughlin,9/3/1984
45,Jane,Coffey,4/24/1976
46,Robin,Baker,12/7/1998
47,Zenia,Lamb,11/23/1996
48,Germane,Fuller,10/20/1987
49,Valentine,Beck,12/20/1998
50,Justine,Barnett,12/7/1998
51,Hilary,Gay,12/1/1994
52,Scarlett,Ramirez,4/8/1969
53,Abel,Cook,5/28/1964
54,August,Henry,10/21/2000
55,Scott,Greene,11/18/1996
56,Leila,Rocha,12/7/1998
57,Ivor,Huffman,3/24/1961
58,Henry,Morales,11/20/1960
59,Rashad,Keith,10/30/1984
60,Gary,Jarvis,2/21/1996
61,Selma,Wood,4/25/1998
62,Maite,Collins,3/4/1977
63,Adam,O'brien,9/2/1988
64,Lee,Cross,11/1/1969
65,Ian,Farmer,5/5/1964
66,Odessa,Alford,12/30/1971
67,Lara,Montgomery,2/27/1987
68,Susan,Savage,4/9/1983
69,Shana,Wood,9/29/1988
70,Bianca,Morton,4/9/1981
71,Bree,Albert,7/4/1971
72,Hakeem,Sykes,1/7/1975
73,Wendy,Landry,8/8/1998
74,Chester,Mccray,8/29/1990
75,Timon,Charles,11/22/1990
76,Arden,Ballard,6/23/1961
77,Brendan,Orr,8/27/1997
78,Azalia,Hendrix,5/15/1964
79,Nola,Levy,4/3/1993
80,Ahmed,Carroll,6/30/1990
81,April,Evans,10/10/1967
82,Amela,Hull,3/7/1963
83,Thane,Stewart,5/6/1961
84,Mark,George,7/19/1985
85,Hector,O'brien,4/8/1969
86,Mikayla,Levine,5/1/1978
87,Vera,Flores,1/14/2000
88,Troy,Gill,3/24/1961
89,Nomlanga,Johnston,7/18/1976
90,Charde,Gay,6/11/1984
91,Kylee,Hooper,11/18/1996
92,Aristotle,Cross,2/3/1979
93,Maris,Sellers,3/20/1989
94,Barbara,Hendricks,12/10/1960
95,Lawrence,Mcintyre,1/8/1963
96,Sacha,Barber,4/8/1969
97,John,Weaver,7/16/1964
98,Marcia,Bryant,10/7/1976
99,Jolie,Mueller,2/2/1996
100,Tanya,Small,3/18/1988
101,Dacey,Glover,11/1/1969
102,Kennedy,Rasmussen,11/6/1986
103,Quentin,Cabrera,1/11/1970
104,Shoshana,Cunningham,4/4/1971
105,Baxter,Forbes,12/8/1992
106,Adara,Stone,2/11/1964
107,Henry,Dawson,7/3/1965
108,Lenore,Moss,3/24/1968
109,Leonard,Hardin,7/29/1966
110,Abdul,Hester,7/3/1993
111,Scott,Zimmerman,3/7/1963
112,Yasir,Reese,5/27/1966
113,Keith,Herrera,6/20/1976
114,Irene,Dodson,7/11/1987
115,Calvin,Vincent,2/26/2000
116,Joan,Jackson,10/13/1964
117,Susan,Monroe,1/14/2000
118,Karyn,Emerson,10/9/1990
119,Ferdinand,Long,8/7/1969
120,Jaime,Mcdowell,4/22/1966
121,Oprah,Farrell,3/8/1994
122,Harding,Ball,9/3/1999
123,Deirdre,Garcia,6/9/2000
124,Odessa,Miller,12/10/2000
125,Beatrice,George,3/15/1966
126,Wang,Abbott,3/1/1961
127,Jena,Lawrence,2/14/1989
128,Norman,Campbell,7/19/1985
129,Dominique,Parks,9/22/1965
130,Maxwell,Mcfadden,4/19/1968
131,Victor,Mclean,6/9/2000
132,Armando,George,3/18/1988
133,Colette,Quinn,3/29/1962
134,Piper,Leon,12/23/1987
135,Lawrence,Greer,10/5/1966
136,Myra,Frederick,9/6/1970
137,Callum,Jefferson,4/8/1969
138,Hyatt,Mcfadden,1/1/1998
139,Dieter,Ramos,10/5/1974
140,Blaze,Mcintosh,2/26/2000
141,Bradley,Bass,2/7/1964
142,Zephania,O'donnell,7/4/1971
143,Dahlia,Fox,4/7/1975
144,Mallory,Merrill,2/13/1979
145,Piper,Le,6/3/1964
146,Vera,Hyde,9/3/1968
147,Edan,Brock,3/7/1996
148,Jocelyn,Reid,12/16/1971
149,Kane,Andrews,8/7/1969
150,Christine,Avila,4/3/1993
151,Haley,Bennett,6/21/1976
152,Hoyt,Barton,4/11/1998
153,Chiquita,Bowers,9/7/1969
154,Hilary,Lloyd,7/12/1979
155,Walker,Jacobs,7/28/1967
156,Quail,Cochran,10/28/1970
157,Darrel,Simon,9/10/1988
158,Reece,Booker,4/25/1976
159,Matthew,Finley,4/26/1970
160,Ivor,Buckley,2/8/1979
161,Raphael,Baxter,9/19/1979
162,Hedda,Baird,10/23/1964
163,Jennifer,Faulkner,5/22/1983
164,Regina,Ratliff,9/15/1964
165,Jeanette,Garza,9/3/1984
166,Timothy,Fulton,9/12/1981
167,Caldwell,Schwartz,8/12/1977
168,Rebekah,Donovan,9/26/1994
169,Cadman,Clay,7/12/1982
170,Beverly,Yang,3/17/1985
171,Riley,Buck,1/13/1997
172,Lacota,Garrison,11/14/1961
173,Kellie,Hogan,3/9/1998
174,Renee,Wolfe,3/12/1960
175,Oleg,Ramos,9/17/1965
176,Tate,Langley,4/25/1978
177,Nell,Hawkins,8/9/1966
178,Alec,Barker,8/23/1988
179,Igor,Kirby,7/3/1965
180,Sydney,Sampson,10/4/1973
181,Kessie,Roberts,3/28/1986
182,Quintessa,Castillo,8/12/1979
183,Nissim,Griffith,7/2/1981
184,Noah,Pace,2/19/1978
185,Gay,Johnson,3/18/1995
186,Eaton,Jacobs,3/12/1974
187,Josephine,Jimenez,11/7/1960
188,Damon,Thomas,2/26/2000
189,Salvador,Jensen,8/29/1978
190,Keely,Hurst,10/21/2000
191,Clayton,Shelton,4/25/1978
192,Riley,Orr,1/22/1965
193,Joan,Burris,6/29/1961
194,Halee,Cox,3/22/1979
195,Gwendolyn,Cardenas,9/3/1968
196,Suki,Foley,2/9/1999
197,Liberty,Estrada,6/18/1965
198,Emerald,Ferguson,3/24/1975
199,Regan,Daniel,7/20/1996
200,Fleur,Leach,10/4/1971
201,Darius,Chen,8/1/1964
202,Maggie,Cain,2/8/1996
203,Wilma,Walters,9/3/1996
204,Gage,Caldwell,10/7/1988
205,Abraham,Patel,9/26/1994
206,Arden,Shannon,8/30/1990
207,Hasad,Frederick,3/14/1984
208,Laura,Fry,1/3/1999
209,Brenna,Booth,6/24/1998
210,Price,Bauer,5/26/1998
211,Tana,Ochoa,9/16/1969
212,Cally,Moore,2/11/1988
213,Flavia,Best,8/6/1990
214,Lee,Spears,4/5/1988
215,John,Franklin,10/7/1988
216,Victor,Gilbert,6/5/1963
217,Shaeleigh,Lyons,1/24/1988
218,Cameran,Key,9/17/1977
219,Gloria,Baxter,7/15/1965
220,Roth,Hyde,2/19/1994
221,Grady,Little,4/22/1966
222,Dennis,Rosario,2/11/1964
223,Lynn,Gould,4/22/1980
224,Shellie,Humphrey,6/14/1972
225,Oliver,Chaney,12/4/1978
226,Uriel,Mcleod,12/17/1960
227,Kiara,Mayer,8/25/1965
228,Marsden,Simon,6/23/1981
229,Kaye,Robinson,12/28/1966
230,Rae,Brady,3/20/1962
231,Astra,Beach,1/28/1968
232,Mason,Ellis,7/8/1962
233,Haley,Jordan,12/21/1999
234,Charissa,Fischer,5/27/1967
235,Blossom,Malone,2/19/1985
236,Quemby,Montoya,4/15/1969
237,September,Tanner,10/10/1966
238,Camden,Dixon,2/24/1969
239,Maxine,Pace,11/4/1982
240,Connor,Knox,9/3/1984
241,Kessie,Berger,11/14/1961
242,Ramona,Beasley,12/21/1999
243,Risa,Petty,2/13/1979
244,Roth,Mccoy,12/2/1970
245,Quemby,Sanford,12/22/1975
246,Jason,Vazquez,10/24/2000
247,Scarlet,Langley,9/4/1969
248,Judah,Knapp,12/7/1978
249,Kelly,Briggs,2/19/1992
250,Destiny,Jacobson,12/7/1998
251,Isaac,Ayala,6/4/1987
252,Cheyenne,Jackson,3/8/1994
253,Oleg,Foster,3/7/1996
254,Olympia,Cervantes,12/4/2000
255,Quynn,Pollard,12/20/1970
256,Grady,Lucas,6/4/1987
257,Dillon,Gordon,10/24/1975
258,Maisie,Scott,11/2/1988
259,Nolan,Ortiz,9/12/1981
260,Jameson,Mccall,4/8/1969
261,Austin,Larsen,6/5/1987
262,Ora,Mclean,3/12/1960
263,Deborah,Paul,12/20/1970
264,Cadman,Carrillo,8/11/1990
265,TaShya,Campos,7/1/1973
266,Sonia,Gates,8/25/1965
267,Zelda,Bond,5/11/1997
268,Stuart,Gamble,12/5/1983
269,Dominique,Nelson,1/7/1979
270,Lois,Atkins,6/10/1960
271,Charity,Buck,7/12/1977
272,Phelan,Wilder,9/22/1965
273,Josiah,Hayes,4/17/1964
274,Carly,Lambert,7/20/1986
275,Keith,Ortiz,9/10/1988
276,Cameron,Bray,11/4/1969
277,Kylynn,Small,4/23/1963
278,Boris,Washington,3/3/1968
279,Tanner,Houston,7/28/1967
280,Irma,Whitehead,2/17/1998
281,Elijah,Gomez,12/1/1985
282,Kimberley,Odom,11/19/1976
283,Gloria,Phillips,6/22/1972
284,Noel,Phelps,4/15/1969
285,Candice,Tanner,8/30/1963
286,Brent,Sweet,7/19/1967
287,Winter,Erickson,9/23/1977
288,Larissa,Heath,4/22/1986
289,Fallon,Barry,9/3/1968
290,Quyn,Mcleod,4/11/1994
291,Randall,Perry,2/11/1972
292,Maxine,Nguyen,10/26/2000
293,Buckminster,Guzman,6/20/1971
294,Jael,Whitney,4/14/1967
295,Aidan,Cline,8/12/1977
296,Oleg,Castro,4/22/1980
297,Avye,Bryant,10/24/2000
298,Larissa,Greene,8/27/1997
299,Kennedy,Fox,4/25/1998
300,Drake,Harmon,5/22/1983
301,Aquila,Reyes,11/26/1990
302,Salvador,Villarreal,2/8/1979
303,Alden,Mathews,10/9/1966
304,Amal,Mann,11/7/1960
305,Aimee,Keith,7/2/1981
306,Lars,Love,11/17/1980
307,Tanner,Tate,12/16/1990
308,Lucian,Cantu,5/12/1989
309,Jada,Nicholson,4/17/1979
310,Slade,Vaughan,9/3/1966
311,Sharon,Day,5/14/1999
312,Kelsey,Wallace,4/15/1969
313,Jessica,Eaton,8/27/1985
314,Suki,Becker,9/5/1980
315,Abraham,Kane,9/22/1965
316,Akeem,Chase,2/18/1973
317,Clare,Hess,4/17/1984
318,Barrett,Coleman,3/24/1968
319,Alden,Hester,4/15/1960
320,Carly,Bryan,8/2/1989
321,Cleo,Benjamin,3/7/1963
322,Nash,Benson,2/27/1969
323,Kareem,Guzman,12/16/1987
324,Clinton,Watts,12/26/1976
325,Rhoda,Wood,10/24/1965
326,Kenneth,Munoz,2/13/1979
327,Maggie,Beck,8/25/1965
328,Vera,Perry,11/14/1961
329,Chester,Rice,2/15/1980
330,India,Martin,4/25/1978
331,Zane,Bradford,8/22/1979
332,Donna,Hull,9/7/1997
333,Ariana,Mann,6/9/1964
334,Carl,Burris,12/2/1970
335,Aristotle,Pugh,6/12/1983
336,Camille,Ewing,11/26/1993
337,Byron,Morse,5/7/1980
338,Leandra,Galloway,3/30/1994
339,Gabriel,Todd,12/29/1965
340,Tad,Boyer,7/28/1986
341,Rogan,Stephens,2/21/1996
342,Perry,Terry,12/29/1965
343,Derek,Burnett,5/26/1991
344,Arden,Newton,12/17/1976
345,Freya,Torres,3/23/1997
346,Solomon,Medina,9/16/1969
347,Valentine,Dominguez,4/26/1965
348,Jemima,Best,4/8/1993
349,Ross,Cooke,10/24/1975
350,Leah,Brock,6/23/1961
351,Savannah,Morrow,8/28/1973
352,Kirsten,Wright,2/18/1973
353,Callum,Savage,12/2/1999
354,Evelyn,Mcbride,8/29/1997
355,Christopher,Ayers,8/8/1998
356,Summer,Aguirre,8/25/1965
357,Yardley,Stafford,3/4/1977
358,Rosalyn,Hampton,9/14/1986
359,Mallory,Pace,1/14/1975
360,Astra,Wynn,3/15/1995
361,Rajah,Wise,2/26/2000
362,Rosalyn,Rose,12/7/1997
363,Nicholas,Sargent,8/30/1975
364,Ina,Bridges,8/12/1977
365,Richard,Rollins,9/3/1994
366,Jescie,Hyde,3/4/1989
367,Austin,Hebert,3/22/1990
368,Robert,Logan,7/30/1985
369,Cruz,Mercer,8/9/1965
370,Hammett,Keith,3/22/1987
371,Lilah,William,12/26/1976
372,Keiko,Benton,12/4/1987
373,Ora,Ingram,12/10/1960
374,Brenna,Ingram,6/30/1988
375,Jacob,Cherry,10/4/1973
376,Jamalia,Gibbs,1/7/1975
377,Demetria,Miles,4/23/1963
378,Ezekiel,Chambers,8/14/1976
379,Kelsie,Puckett,5/15/1978
380,Bell,Young,2/9/1999
381,Adara,Soto,6/29/1961
382,Dai,Petersen,1/1/1998
383,Axel,Dyer,1/25/1978
384,Maris,Dean,12/16/1987
385,Daria,King,6/12/1966
386,Bethany,Ball,3/22/1987
387,Ferris,Hatfield,5/25/1969
388,Amber,Flowers,8/26/1979
389,Ross,Valdez,12/14/1969
390,Jared,Roberts,9/9/1969
391,Amaya,Melendez,9/5/1985
392,Gage,Blankenship,2/18/1973
393,Iliana,Bright,10/14/1995
394,Freya,Sargent,4/7/1975
395,Hedwig,Blake,2/17/1998
396,Clementine,Watts,2/28/1984
397,Harlan,House,5/8/1960
398,Raymond,Rose,3/4/1977
399,Tyrone,Williams,3/22/1987
400,Oliver,Barrera,12/2/1995
