Usuario,Contraseña
ddata101,b72mccqk
ddata102,z5iq8dsr
ddata111,m7frj9yx
ddata121,9ix62xhp
ddata131,a9q6dz6d
ddata141,b6nt6bki
ddata151,2u4bjuuz
ddata161,r7365cdi
ddata171,t4jcv8qw
ddata181,f3xe5gwy
ddata191,z6a8bcw4
ddata201,g6rqahcp
ddata202,g9yp3mib
ddata211,4tpfn4xs
ddata221,8z929icb
ddata231,6qjc8r4w
ddata241,u3hjia4q
ddata251,v26qbpz4
ddata261,9qtd34mb
ddata271,u7nvkrex
ddata281,5bij3f3x
ddata291,4rjhva5y
ddata301,g2mi56v7
ddata302,p23mqq9g
ddata311,w8yxvde6
ddata321,r6nwh93y
ddata331,4ui7yx8f
ddata341,z8ta5phy
ddata351,d6r9wqjv
